Car;Link;Price (RUR);Year
Audi S8 IV (D5) Рестайлинг4.0 л / 571 л.с. / Бензинавтоматседанполныйчёрный;https://auto.ru/cars/used/sale/audi/s8/1121002125-70a94684/;20150000;2023
Audi Q7 45 TDI II (4M) Рестайлинг3.0 л / 231 л.с. / Дизельавтоматвнедорожник 5 дв.полный45 TDI quattro tiptronic (5 seat)57 опций;https://auto.ru/cars/new/group/audi/q7/21647042/23520932/1120018809-c1e8a201/;от 12330000;2023
Audi Q7 50 TDI II (4M) Рестайлинг3.0 л / 286 л.с. / Дизельавтоматвнедорожник 5 дв.полныйчёрный;https://auto.ru/cars/used/sale/audi/q7/1119295620-20fdda37/;10200000;2023
Audi Q8 55 TFSI I3.0 л / 340 л.с. / Бензинавтоматвнедорожник 5 дв.полныйчёрный;https://auto.ru/cars/used/sale/audi/q8/1120882466-1fad80a5/;10610000;2023
Audi Q7 60 TFSI e II (4M) Рестайлинг3.0 л / 462 л.с. / Гибридавтоматвнедорожник 5 дв.полныйчёрный;https://auto.ru/cars/used/sale/audi/q7/1118953594-ef0a621d/;7790000;2022
Audi RS 7 II (4K)4.0 л / 600 л.с. / Бензинавтоматлифтбекполныйчёрный;https://auto.ru/cars/used/sale/audi/rs7/1120907758-ea5fa286/;19240000;2022
Audi Q7 55 TFSI II (4M) Рестайлинг3.0 л / 340 л.с. / Бензинавтоматвнедорожник 5 дв.полныйбелый;https://auto.ru/cars/used/sale/audi/q7/1119372279-7e51736c/;9290000;2022
Audi Q5 Sportback 40 TDI I (FY)2.0 л / 204 л.с. / Дизельроботвнедорожник 5 дв.полныйчёрный;https://auto.ru/cars/used/sale/audi/q5_sportback/1120607685-1d457e3b/;8040000;2022
Audi Q7 55 TFSI II (4M) Рестайлинг3.0 л / 340 л.с. / Бензинавтоматвнедорожник 5 дв.полныйбелый;https://auto.ru/cars/used/sale/audi/q7/1119372279-7e51736c/;9290000;2022
Audi A7 45 TDI II (4K)3.0 л / 231 л.с. / Дизельавтоматлифтбекполныйчёрный;https://auto.ru/cars/used/sale/audi/a7/1121000414-f6fdf823/;6580000;2022
Audi Q7 50 TDI II (4M) Рестайлинг3.0 л / 286 л.с. / Дизельавтоматвнедорожник 5 дв.полный50 TDI quattro tiptronic80 опций;https://auto.ru/cars/new/group/audi/q7/21647076/23476602/1120018891-1ab748a6/;от 13810000;2022
Audi A4 35 TFSI V (B9) Рестайлинг2.0 л / 150 л.с. / Бензинмеханикаседанпереднийбелый;https://auto.ru/cars/used/sale/audi/a4/1120533376-0c888b16/;5610000;2022
Audi Q5 45 TFSI II (FY) Рестайлинг2.0 л / 265 л.с. / Бензинроботвнедорожник 5 дв.полныйсиний;https://auto.ru/cars/used/sale/audi/q5/1120792405-a5bb0dd7/;5310000;2022
Audi Q5 45 TFSI II (FY) Рестайлинг2.0 л / 265 л.с. / Бензинроботвнедорожник 5 дв.полныйрозовый;https://auto.ru/cars/used/sale/audi/q5/1120948156-32d7a462/;5710000;2022
Audi A6 45 TDI V (C8)3.0 л / 245 л.с. / Дизельроботседанполныйсерый;https://auto.ru/cars/used/sale/audi/a6/1120169086-7d8abbc4/;8590000;2022
Audi Q7 55 TFSI e II (4M) Рестайлинг3.0 л / 381 л.с. / Гибридавтоматвнедорожник 5 дв.полныйчёрный;https://auto.ru/cars/used/sale/audi/q7/1120905387-8b7347f9/;9170000;2022
Audi A6 40 TFSI V (C8)2.0 л / 190 л.с. / Бензинроботседанпереднийчёрный;https://auto.ru/cars/used/sale/audi/a6/1120901210-0baf5a07/;6760000;2022
Audi S8 IV (D5) Рестайлинг4.0 л / 571 л.с. / Бензинавтоматседанполныйчёрный;https://auto.ru/cars/used/sale/audi/s8/1120899691-a5991ba3/;15870000;2022
Audi A4 30 TDI V (B9) Рестайлинг2.0 л / 122 л.с. / Дизельроботседанпереднийсерый;https://auto.ru/cars/used/sale/audi/a4/1120887287-1f86c894/;4820000;2022
Audi SQ8 I (4M)4.0 л / 507 л.с. / Бензинавтоматвнедорожник 5 дв.полныйчёрный;https://auto.ru/cars/used/sale/audi/sq8/1120898360-b97131e1/;15560000;2022
Audi A4 45 TFSI V (B9) Рестайлинг2.0 л / 252 л.с. / Бензинроботседанполныйчёрный;https://auto.ru/cars/used/sale/audi/a4/1120899079-b132603a/;4070000;2021
Audi SQ5 II (FY) Рестайлинг3.0 л / 354 л.с. / Бензинавтоматвнедорожник 5 дв.полныйбелый;https://auto.ru/cars/used/sale/audi/sq5/1120757559-f44d3116/;7230000;2021
Audi Q3 40 TFSI II (F3)2.0 л / 187 л.с. / Бензинавтоматвнедорожник 5 дв.полныйсерый;https://auto.ru/cars/used/sale/audi/q3/1120615883-6d11fa97/;4400000;2021
Audi RS 7 II (4K)4.0 л / 600 л.с. / Бензинавтоматлифтбекполныйсерый;https://auto.ru/cars/used/sale/audi/rs7/1119725361-ce8d08a1/;16120000;2021
Audi A3 35 TDI IV (8Y)2.0 л / 150 л.с. / Дизельмеханикаседанпереднийсиний;https://auto.ru/cars/used/sale/audi/a3/1120995945-d4443a51/;3690000;2021
Audi RS 6 performance IV (C8)4.0 л / 630 л.с. / Бензинавтоматуниверсал 5 дв.полныйсерый;https://auto.ru/cars/used/sale/audi/rs6/1120995420-582a8a05/;14370000;2021
Audi Q5 35 TDI II (FY) Рестайлинг2.0 л / 163 л.с. / Дизельроботвнедорожник 5 дв.переднийсиний;https://auto.ru/cars/used/sale/audi/q5/1120955287-0e1c2c99/;5390000;2021
Audi A5 40 TDI II (F5) Рестайлинг2.0 л / 204 л.с. / Дизельроботлифтбекполныйголубой;https://auto.ru/cars/used/sale/audi/a5/1120994474-166d36a0/;5200000;2021
Audi Q5 Sportback 45 TFSI I (FY)2.0 л / 249 л.с. / Бензинроботвнедорожник 5 дв.полныйсерый;https://auto.ru/cars/used/sale/audi/q5_sportback/1120957021-03cfcd0b/;6560000;2021
Audi Q5 45 TFSI II (FY) Рестайлинг2.0 л / 249 л.с. / Бензинроботвнедорожник 5 дв.полныйсерый;https://auto.ru/cars/used/sale/audi/q5/1120955288-03ee3631/;6820000;2021
Audi A4 allroad 45 TFSI V (B9) Рестайлинг2.0 л / 249 л.с. / Бензинроботуниверсал 5 дв.полныйсерый;https://auto.ru/cars/used/sale/audi/a4_allroad/1120955294-54ff743e/;5440000;2021
Audi Q8 50 TDI I3.0 л / 286 л.с. / Дизельавтоматвнедорожник 5 дв.полныйкрасный;https://auto.ru/cars/used/sale/audi/q8/1120957009-4baeae53/;9850000;2021
Audi A7 45 TFSI II (4K)2.0 л / 245 л.с. / Бензинроботлифтбекполныйсерый;https://auto.ru/cars/used/sale/audi/a7/1120957003-e9ffd574/;7650000;2021
Audi SQ8 I (4M)4.0 л / 422 л.с. / Дизельавтоматвнедорожник 5 дв.полныйзелёный;https://auto.ru/cars/used/sale/audi/sq8/1120956998-e16d0f50/;15440000;2021
Audi A3 30 TFSI IV (8Y)1.0 л / 110 л.с. / Бензинмеханикаседанпереднийсиний;https://auto.ru/cars/used/sale/audi/a3/1120644352-f012e920/;3440000;2021
Audi A6 45 TFSI V (C8)2.0 л / 265 л.с. / Бензинроботседанполныйчёрный;https://auto.ru/cars/used/sale/audi/a6/1120909404-6dbb80d4/;5100000;2021
Audi Q5 45 TFSI II (FY) Рестайлинг2.0 л / 249 л.с. / Бензинроботвнедорожник 5 дв.полныйсерый;https://auto.ru/cars/used/sale/audi/q5/1120285112-e930d5d4/;6020000;2021
Audi A4 50 TDI V (B9) Рестайлинг3.0 л / 286 л.с. / Дизельавтоматседанполныйсерый;https://auto.ru/cars/used/sale/audi/a4/1120892710-ffd06b8c/;3940000;2021
Audi A4 40 TFSI V (B9) Рестайлинг2.0 л / 204 л.с. / Бензинроботседанпереднийчёрный;https://auto.ru/cars/used/sale/audi/a4/1120891200-33cb7542/;4190000;2021
Audi Q8 45 TDI I3.0 л / 231 л.с. / Дизельавтоматвнедорожник 5 дв.полныйсиний;https://auto.ru/cars/used/sale/audi/q8/1117924467-0dc5bdc5/;6180000;2020
Audi Q5 II (FY)2.0 л / 245 л.с. / Бензинроботвнедорожник 5 дв.полныйсерый;https://auto.ru/cars/used/sale/audi/q5/1120682576-f68fb6bb/;4740000;2020
Audi Q3 40 TFSI II (F3)2.0 л / 180 л.с. / Бензинроботвнедорожник 5 дв.полныйкрасный;https://auto.ru/cars/used/sale/audi/q3/1120998098-df581d2b/;4030000;2020
Audi Q5 II (FY)2.0 л / 190 л.с. / Дизельроботвнедорожник 5 дв.полныйсерый;https://auto.ru/cars/used/sale/audi/q5/1120365100-4c0318eb/;5550000;2020
Audi Q7 45 TDI II (4M) Рестайлинг3.0 л / 231 л.с. / Дизельавтоматвнедорожник 5 дв.полныйсиний;https://auto.ru/cars/used/sale/audi/q7/1120705758-40ad3b7d/;7760000;2020
Audi Q3 40 TFSI II (F3)2.0 л / 180 л.с. / Бензинроботвнедорожник 5 дв.полныйголубой;https://auto.ru/cars/used/sale/audi/q3/1120957002-a2ca66fc/;4390000;2020
Audi A5 40 TFSI II (F5) Рестайлинг2.0 л / 204 л.с. / Бензинроботлифтбекполныйсерый;https://auto.ru/cars/used/sale/audi/a5/1120563695-8451cbb2/;5550000;2020
Audi A6 45 TFSI V (C8)2.0 л / 245 л.с. / Бензинроботседанпереднийсерый;https://auto.ru/cars/used/sale/audi/a6/1120953214-fcf49e2b/;6830000;2020
Audi Q7 60 TFSI e II (4M) Рестайлинг3.0 л / 462 л.с. / Гибридавтоматвнедорожник 5 дв.полныйсиний;https://auto.ru/cars/used/sale/audi/q7/1120948372-e1877d9d/;8470000;2020
Audi Q3 Sportback 40 TFSI I (F3)2.0 л / 180 л.с. / Бензинроботвнедорожник 5 дв.полныйсерый;https://auto.ru/cars/used/sale/audi/q3_sportback/1120944641-8bc8ed33/;4950000;2020
Audi Q7 60 TFSI e II (4M) Рестайлинг3.0 л / 456 л.с. / Гибридавтоматвнедорожник 5 дв.полныйбелый;https://auto.ru/cars/used/sale/audi/q7/1120910356-2b81bb11/;9470000;2020
Audi A6 40 TDI V (C8)2.0 л / 204 л.с. / Дизельроботуниверсал 5 дв.переднийчёрный;https://auto.ru/cars/used/sale/audi/a6/1120529136-5c0d686a/;4030000;2019
Audi Q5 II (FY)2.0 л / 190 л.с. / Дизельмеханикавнедорожник 5 дв.полныйбелый;https://auto.ru/cars/used/sale/audi/q5/1120999564-a802ddca/;4440000;2019
Audi A4 ultra V (B9)2.0 л / 190 л.с. / Дизельроботуниверсал 5 дв.переднийсерый;https://auto.ru/cars/used/sale/audi/a4/1120888089-8cdd9dbf/;2810000;2019
Audi Q8 50 TDI I3.0 л / 286 л.с. / Дизельавтоматвнедорожник 5 дв.полныйчёрный;https://auto.ru/cars/used/sale/audi/q8/1120974422-bcff6c09/;7610000;2019
Audi Q5 45 TFSI II (FY)2.0 л / 252 л.с. / Бензинроботвнедорожник 5 дв.полныйчёрный;https://auto.ru/cars/used/sale/audi/q5/1120854132-33037fb7/;3700000;2019
Audi A5 II (F5)2.0 л / 249 л.с. / Бензинроботлифтбекполныйчёрный;https://auto.ru/cars/used/sale/audi/a5/1120313134-4cc05089/;4040000;2019
Audi Q8 55 TFSI I3.0 л / 340 л.с. / Бензинавтоматвнедорожник 5 дв.полныйсиний;https://auto.ru/cars/used/sale/audi/q8/1120850872-66ea13c0/;8760000;2019
Audi e-tron 50 I313 л.с. / 230 кВт / ЭлектроЗаряд на 336 кмвнедорожник 5 дв.полныйсерый;https://auto.ru/cars/used/sale/audi/e_tron/1120756671-7bda3aba/;5100000;2019
Audi Q8 45 TDI I3.0 л / 249 л.с. / Дизельавтоматвнедорожник 5 дв.полныйчёрный;https://auto.ru/cars/used/sale/audi/q8/1120896953-54473101/;8070000;2019
Audi A4 45 TFSI V (B9) Рестайлинг2.0 л / 252 л.с. / Бензинроботседанполныйбелый;https://auto.ru/cars/used/sale/audi/a4/1120927209-5f60b913/;4160000;2019
Audi Q8 55 TFSI I3.0 л / 340 л.с. / Бензинавтоматвнедорожник 5 дв.полныйчёрный;https://auto.ru/cars/used/sale/audi/q8/1120941906-6548e829/;7500000;2019
Audi Q3 40 TFSI II (F3)2.0 л / 190 л.с. / Бензинроботвнедорожник 5 дв.полныйоранжевый;https://auto.ru/cars/used/sale/audi/q3/1120896642-ff2c2fd2/;3670000;2019
Audi Q8 55 TFSI I3.0 л / 340 л.с. / Бензинавтоматвнедорожник 5 дв.полныйсиний;https://auto.ru/cars/used/sale/audi/q8/1119385002-1e263183/;7680000;2019
Audi Q3 40 TDI II (F3)2.0 л / 200 л.с. / Дизельроботвнедорожник 5 дв.полныйсиний;https://auto.ru/cars/used/sale/audi/q3/1120578221-2e900cf1/;4700000;2019
Audi A6 50 TDI V (C8)3.0 л / 286 л.с. / Дизельавтоматседанполныйбелый;https://auto.ru/cars/used/sale/audi/a6/1120888057-3d615eae/;4030000;2019
Audi A6 45 TDI V (C8)3.0 л / 249 л.с. / Дизельавтоматседанполныйкоричневый;https://auto.ru/cars/used/sale/audi/a6/1120900026-7e7896e8/;4310000;2019
Audi A7 55 TFSI II (4K)3.0 л / 340 л.с. / Бензинроботлифтбекполныйсерый;https://auto.ru/cars/used/sale/audi/a7/1120791160-711ca3fb/;5460000;2018
Audi A5 II (F5)2.0 л / 190 л.с. / Дизельроботлифтбекполныйчёрный;https://auto.ru/cars/used/sale/audi/a5/1121002725-f0725a0d/;3930000;2018
Audi A6 55 TFSI V (C8)3.0 л / 340 л.с. / Бензинроботседанполныйчёрный;https://auto.ru/cars/used/sale/audi/a6/1121003433-e1072d43/;5140000;2018
Audi TT III (8S)2.0 л / 184 л.с. / Дизельмеханикакупепереднийсиний;https://auto.ru/cars/used/sale/audi/tt/1120682173-09b953d1/;3700000;2018
Audi A8 60 TFSI e IV (D5)3.0 л / 449 л.с. / Гибридавтоматседанполныйчёрный;https://auto.ru/cars/used/sale/audi/a8/1120566829-f46f8bb1/;5610000;2018
Audi A8 45 TDI IV (D5)3.0 л / 249 л.с. / Дизельавтоматседанполныйбелый;https://auto.ru/cars/used/sale/audi/a8/1120998452-f83d1362/;7490000;2018
Audi Q5 II (FY)2.0 л / 190 л.с. / Дизельроботвнедорожник 5 дв.полныйсиний;https://auto.ru/cars/used/sale/audi/q5/1120613636-0072d1b4/;4240000;2018
Audi Q5 II (FY)2.0 л / 252 л.с. / Бензинроботвнедорожник 5 дв.полныйсерый;https://auto.ru/cars/used/sale/audi/q5/1120450893-75c9e3f7/;3190000;2018
Audi Q8 55 TFSI I3.0 л / 340 л.с. / Бензинавтоматвнедорожник 5 дв.полныйоранжевый;https://auto.ru/cars/used/sale/audi/q8/1120704347-6ffaf739/;7250000;2018
Audi A5 g-tron II (F5)2.0 л / 170 л.с. / Газроботлифтбекпереднийсерый;https://auto.ru/cars/used/sale/audi/a5/1120839739-db7efde1/;3910000;2018
Audi A6 40 TDI V (C8)2.0 л / 190 л.с. / Дизельроботуниверсал 5 дв.переднийсеребристый;https://auto.ru/cars/used/sale/audi/a6/1120697162-8bb4f0f8/;4670000;2018
Audi A6 55 TFSI e V (C8)2.0 л / 367 л.с. / Гибридроботседанполныйсерый;https://auto.ru/cars/used/sale/audi/a6/1120995827-cb7f31b3/;3860000;2018
Audi A4 V (B9)2.0 л / 190 л.с. / Дизельроботседанполныйчёрный;https://auto.ru/cars/used/sale/audi/a4/1120939129-291abdb0/;2630000;2018
Audi A6 45 TFSI V (C8)2.0 л / 245 л.с. / Бензинроботседанпереднийбелый;https://auto.ru/cars/used/sale/audi/a6/1120924783-259cbb34/;4390000;2018
Audi A4 V (B9)2.0 л / 150 л.с. / Дизельмеханикаседанпереднийсиний;https://auto.ru/cars/used/sale/audi/a4/1120901285-fbf8d19f/;2880000;2018
Audi A4 ultra V (B9)2.0 л / 190 л.с. / Дизельроботседанпереднийбелый;https://auto.ru/cars/used/sale/audi/a4/1120900646-f567c205/;2910000;2018
Audi A3 III (8V) Рестайлинг2.0 л / 220 л.с. / Бензинроботседанполныйчёрный;https://auto.ru/cars/used/sale/audi/a3/1120892155-1d93b567/;2540000;2018
Audi A5 II (F5)2.0 л / 190 л.с. / Дизельроботлифтбекполныйсиний;https://auto.ru/cars/used/sale/audi/a5/1121003863-376e3098/;3500000;2017
Audi A3 III (8V) Рестайлинг1.4 л / 150 л.с. / Бензинроботседанпереднийбелый;https://auto.ru/cars/used/sale/audi/a3/1120919908-0c6e9ade/;2130000;2017
Audi A5 II (F5)2.0 л / 249 л.с. / Бензинроботлифтбекполныйкрасный;https://auto.ru/cars/used/sale/audi/a5/1120972681-c41f93b6/;4110000;2017
Audi A7 I (4G) Рестайлинг3.0 л / 326 л.с. / Дизельавтоматлифтбекполныйбелый;https://auto.ru/cars/used/sale/audi/a7/1120957008-1b742350/;3690000;2017
Audi Q7 II (4M)3.0 л / 249 л.с. / Дизельавтоматвнедорожник 5 дв.полныйбелый;https://auto.ru/cars/used/sale/audi/q7/1120785027-8c9d0540/;5410000;2017
Audi A4 V (B9)2.0 л / 190 л.с. / Дизельроботседанполныйсиний;https://auto.ru/cars/used/sale/audi/a4/1120956984-120cfafc/;2900000;2017
Audi Q3 I (8U) Рестайлинг1.4 л / 150 л.с. / Бензинроботвнедорожник 5 дв.переднийкрасный;https://auto.ru/cars/used/sale/audi/q3/1120956011-4d5520b2/;2520000;2017
Audi Q7 II (4M)3.0 л / 218 л.с. / Дизельавтоматвнедорожник 5 дв.полныйчёрный;https://auto.ru/cars/used/sale/audi/q7/1120944663-d236fba5/;5360000;2017
Audi A6 IV (C7) Рестайлинг2.0 л / 249 л.с. / Бензинроботседанполныйбелый;https://auto.ru/cars/used/sale/audi/a6/1120991730-119d74db/;2440000;2017
Audi A4 V (B9)1.4 л / 150 л.с. / Бензинроботседанпереднийсерый;https://auto.ru/cars/used/sale/audi/a4/1120909191-baff31ac/;2530000;2016
Audi Q7 II (4M)3.0 л / 249 л.с. / Дизельавтоматвнедорожник 5 дв.полныйбелый;https://auto.ru/cars/used/sale/audi/q7/1120997008-0f08fc33/;4850000;2016
Audi A7 I (4G) Рестайлинг3.0 л / 243 л.с. / Дизельавтоматлифтбекполныйчёрный;https://auto.ru/cars/used/sale/audi/a7/1121002709-6f62d94c/;3680000;2016
Audi A6 allroad III (C7) Рестайлинг3.0 л / 320 л.с. / Дизельавтоматуниверсал 5 дв.полныйчёрный;https://auto.ru/cars/used/sale/audi/allroad/1120976565-95287589/;3690000;2016
Audi A6 IV (C7) Рестайлинг1.8 л / 190 л.с. / Бензинроботседанпереднийчёрный;https://auto.ru/cars/used/sale/audi/a6/1121003604-38fde49b/;1980000;2016
Audi Q7 II (4M)3.0 л / 249 л.с. / Дизельавтоматвнедорожник 5 дв.полныйсиний;https://auto.ru/cars/used/sale/audi/q7/1120944646-bfd2752c/;4560000;2016
Audi A5 ultra II (F5)2.0 л / 190 л.с. / Дизельроботкупепереднийчёрный;https://auto.ru/cars/used/sale/audi/a5/1120931332-6386eeca/;3180000;2016
Audi Q5 I (8R) Рестайлинг2.0 л / 180 л.с. / Бензинавтоматвнедорожник 5 дв.полныйкрасный;https://auto.ru/cars/used/sale/audi/q5/1120927224-0ea6cec7/;2510000;2016
Audi A6 IV (C7) Рестайлинг1.8 л / 190 л.с. / Бензинроботседанпереднийчёрный;https://auto.ru/cars/used/sale/audi/a6/1120923480-35572d85/;2300000;2016
Audi A5 I (8T) Рестайлинг2.0 л / 211 л.с. / Бензинмеханикакупепереднийбелый;https://auto.ru/cars/used/sale/audi/a5/1120888656-aba07e42/;2580000;2016
Audi A5 I (8T) Рестайлинг3.0 л / 204 л.с. / Дизельвариаторкупепереднийсерый;https://auto.ru/cars/used/sale/audi/a5/1121001614-73c33069/;2600000;2015
Audi Q5 I (8R) Рестайлинг2.0 л / 225 л.с. / Бензинмеханикавнедорожник 5 дв.полныйбелый;https://auto.ru/cars/used/sale/audi/q5/1120999970-d5cfa273/;2120000;2015
Audi A6 IV (C7) Рестайлинг3.0 л / 333 л.с. / Бензинроботседанполныйчёрный;https://auto.ru/cars/used/sale/audi/a6/1121001351-40fa3253/;3610000;2015
Audi A5 I (8T) Рестайлинг2.0 л / 190 л.с. / Дизельмеханикалифтбекполныйчёрный;https://auto.ru/cars/used/sale/audi/a5/1119183283-9bcc47d7/;1910000;2015
Audi A3 III (8V)2.0 л / 184 л.с. / Дизельмеханикаседанпереднийсеребристый;https://auto.ru/cars/used/sale/audi/a3/1120995419-41d68f7d/;2450000;2015
Audi A3 III (8V)1.6 л / 110 л.с. / Дизельмеханикаседанпереднийкоричневый;https://auto.ru/cars/used/sale/audi/a3/1120897619-5c7b9265/;1970000;2015
Audi A7 I (4G) Рестайлинг3.0 л / 333 л.с. / Бензинроботлифтбекполныйчёрный;https://auto.ru/cars/used/sale/audi/a7/1120901382-b570b48e/;3580000;2015
Audi A5 I (8T) Рестайлинг2.0 л / 177 л.с. / Дизельмеханикакупеполныйчёрный;https://auto.ru/cars/used/sale/audi/a5/1120993645-d8774567/;2190000;2015
Audi S8 III (D4) Рестайлинг4.0 л / 520 л.с. / Бензинавтоматседанполныйчёрный;https://auto.ru/cars/used/sale/audi/s8/1119877325-30854cc8/;5870000;2014
Audi Q5 I (8R) Рестайлинг2.0 л / 163 л.с. / Дизельроботвнедорожник 5 дв.полныйчёрный;https://auto.ru/cars/used/sale/audi/q5/1121002382-5f51773c/;2460000;2014
Audi A4 IV (B8) Рестайлинг2.0 л / 150 л.с. / Дизельмеханикаседанпереднийчёрный;https://auto.ru/cars/used/sale/audi/a4/1121003781-248d4fc8/;1640000;2014
Audi A4 IV (B8) Рестайлинг3.0 л / 245 л.с. / Дизельроботуниверсал 5 дв.полныйчёрный;https://auto.ru/cars/used/sale/audi/a4/1121001695-84baa86e/;1590000;2014
Audi A6 IV (C7)2.0 л / 177 л.с. / Дизельвариаторседанпереднийчёрный;https://auto.ru/cars/used/sale/audi/a6/1120651673-72e6c577/;2180000;2014
Audi A4 IV (B8) Рестайлинг2.0 л / 225 л.с. / Бензинроботседанполныйчёрный;https://auto.ru/cars/used/sale/audi/a4/1121001933-c0221e93/;1450000;2014
Audi A3 III (8V)1.4 л / 122 л.с. / Бензинроботседанпереднийкоричневый;https://auto.ru/cars/used/sale/audi/a3/1120998075-7f1f9e45/;1500000;2014
Audi A6 IV (C7)3.0 л / 310 л.с. / Бензинроботседанполныйчёрный;https://auto.ru/cars/used/sale/audi/a6/1120956471-7989b9b6/;1910000;2014
Audi A7 I (4G)3.0 л / 204 л.с. / Дизельроботлифтбекполныйсерый;https://auto.ru/cars/used/sale/audi/a7/1120944810-e1348fb7/;2120000;2014
Audi A4 IV (B8) Рестайлинг2.0 л / 225 л.с. / Бензинмеханикаседанполныйбелый;https://auto.ru/cars/used/sale/audi/a4/1120923532-f8ef9ae8/;1840000;2014
Audi Q3 I (8U)2.0 л / 140 л.с. / Дизельроботвнедорожник 5 дв.полныйчёрный;https://auto.ru/cars/used/sale/audi/q3/1120908241-892fe882/;2060000;2014
Audi A5 I (8T) Рестайлинг2.0 л / 150 л.с. / Дизельвариаторлифтбекпереднийфиолетовый;https://auto.ru/cars/used/sale/audi/a5/1120901592-ece056d7/;1980000;2014
Audi Q5 I (8R) Рестайлинг2.0 л / 190 л.с. / Дизельроботвнедорожник 5 дв.полныйкоричневый;https://auto.ru/cars/used/sale/audi/q5/1120993996-e3751dd3/;2600000;2014
Audi Q7 I (4L) Рестайлинг3.0 л / 272 л.с. / Бензинавтоматвнедорожник 5 дв.полныйчёрный;https://auto.ru/cars/used/sale/audi/q7/1106324068-cc134be0/;3010000;2013
Audi A4 IV (B8) Рестайлинг1.8 л / 170 л.с. / Бензинвариаторседанпереднийбелый;https://auto.ru/cars/used/sale/audi/a4/1120971260-4f7e3fd3/;1520000;2013
Audi Q5 I (8R) Рестайлинг2.0 л / 225 л.с. / Бензинмеханикавнедорожник 5 дв.полныйсерый;https://auto.ru/cars/used/sale/audi/q5/1120197032-8d459289/;1960000;2013
Audi A4 IV (B8) Рестайлинг2.0 л / 225 л.с. / Бензинроботседанполныйчёрный;https://auto.ru/cars/used/sale/audi/a4/1120998479-1762700a/;2130000;2013
Audi A3 III (8V)1.8 л / 180 л.с. / Бензинроботседанпереднийсерый;https://auto.ru/cars/used/sale/audi/a3/1120955360-0052af5a/;1790000;2013
Audi A6 IV (C7)2.0 л / 177 л.с. / Дизельвариаторседанпереднийчёрный;https://auto.ru/cars/used/sale/audi/a6/1120939377-45e466e3/;1580000;2013
Audi Q5 I (8R) Рестайлинг2.0 л / 180 л.с. / Бензинавтоматвнедорожник 5 дв.полныйбелый;https://auto.ru/cars/used/sale/audi/q5/1120925785-08509097/;2380000;2013
Audi Q3 I (8U)2.0 л / 211 л.с. / Бензинроботвнедорожник 5 дв.полныйчёрный;https://auto.ru/cars/used/sale/audi/q3/1120926796-be496775/;2080000;2013
Audi Q5 I (8R) Рестайлинг2.0 л / 180 л.с. / Бензинавтоматвнедорожник 5 дв.полныйкоричневый;https://auto.ru/cars/used/sale/audi/q5/1120925786-0c4925bd/;2530000;2013
Audi Q5 I (8R) Рестайлинг2.0 л / 150 л.с. / Дизельмеханикавнедорожник 5 дв.полныйсерый;https://auto.ru/cars/used/sale/audi/q5/1120891376-8e60cec1/;2250000;2013
Audi Q5 I (8R) Рестайлинг2.0 л / 211 л.с. / Гибридавтоматвнедорожник 5 дв.полныйбелый;https://auto.ru/cars/used/sale/audi/q5/1120897452-3c94b49d/;2030000;2013
Audi Q3 I (8U)2.0 л / 170 л.с. / Бензинмеханикавнедорожник 5 дв.полныйбелый;https://auto.ru/cars/used/sale/audi/q3/1120891373-8a4ea52c/;2040000;2013
Audi A1 I (8X)1.4 л / 122 л.с. / Бензинроботхэтчбек 5 дв.переднийбелый;https://auto.ru/cars/used/sale/audi/a1/1120889882-df1ece9a/;1240000;2013
Audi Q5 I (8R)2.0 л / 170 л.с. / Дизельроботвнедорожник 5 дв.полныйкрасный;https://auto.ru/cars/used/sale/audi/q5/1120409763-90ce4efd/;1950000;2012
Audi Q5 I (8R) Рестайлинг2.0 л / 150 л.с. / Дизельмеханикавнедорожник 5 дв.переднийчёрный;https://auto.ru/cars/used/sale/audi/q5/1120953636-c5a5955b/;1930000;2012
Audi Q5 I (8R)2.0 л / 211 л.с. / Бензинроботвнедорожник 5 дв.полныйкоричневый;https://auto.ru/cars/used/sale/audi/q5/1120942368-51fdacca/;1910000;2012
Audi Q5 I (8R)2.0 л / 211 л.с. / Бензинмеханикавнедорожник 5 дв.полныйкрасный;https://auto.ru/cars/used/sale/audi/q5/1120934298-32489733/;2040000;2012
Audi A3 II (8P) Рестайлинг 23.2 л / 250 л.с. / Бензинмеханикахэтчбек 5 дв.полныйбелый;https://auto.ru/cars/used/sale/audi/a3/1120927227-1497a964/;1230000;2012
Audi A7 I (4G)3.0 л / 310 л.с. / Бензинроботлифтбекполныйчёрный;https://auto.ru/cars/used/sale/audi/a7/1120991059-25db8c42/;1840000;2012
Audi A6 IV (C7)2.0 л / 220 л.с. / Бензинвариаторседанпереднийбелый;https://auto.ru/cars/used/sale/audi/a6/1120889439-03f20f08/;1890000;2012
Audi A5 ultra I (8T) Рестайлинг2.0 л / 136 л.с. / Дизельмеханикалифтбекпереднийбелый;https://auto.ru/cars/used/sale/audi/a5/1120889996-25198be7/;2230000;2012
Audi Q3 I (8U)2.0 л / 177 л.с. / Дизельмеханикавнедорожник 5 дв.полныйсерый;https://auto.ru/cars/used/sale/audi/q3/1120889438-825b63a9/;2040000;2012
Audi A6 IV (C7)2.0 л / 220 л.с. / Бензинвариаторседанпереднийчёрный;https://auto.ru/cars/used/sale/audi/a6/1121002779-15b246bd/;1590000;2011
Audi A8 Long III (D4)6.3 л / 500 л.с. / Бензинавтоматседанполныйбежевый;https://auto.ru/cars/used/sale/audi/a8/1121003577-37c7f7d0/;2600000;2011
Audi Q7 I (4L) Рестайлинг3.0 л / 224 л.с. / Дизельавтоматвнедорожник 5 дв.полныйбелый;https://auto.ru/cars/used/sale/audi/q7/1121002867-6a70e16f/;1710000;2011
Audi A6 IV (C7)3.0 л / 204 л.с. / Дизельроботседанполныйбелый;https://auto.ru/cars/used/sale/audi/a6/1121000629-98c43dc5/;1790000;2011
Audi Q7 I (4L) Рестайлинг3.0 л / 240 л.с. / Дизельавтоматвнедорожник 5 дв.полныйбелый;https://auto.ru/cars/used/sale/audi/q7/1120956528-6c3478b8/;1870000;2011
Audi A3 II (8P) Рестайлинг 21.2 л / 105 л.с. / Бензинмеханикахэтчбек 5 дв.переднийбелый;https://auto.ru/cars/used/sale/audi/a3/1120943135-f8c2ddec/;960000;2011
Audi A6 III (C6) Рестайлинг2.8 л / 190 л.с. / Бензинмеханикаседанполныйчёрный;https://auto.ru/cars/used/sale/audi/a6/1120942065-ffadacda/;1360000;2011
Audi A1 I (8X)1.4 л / 185 л.с. / Бензинроботхэтчбек 3 дв.переднийкрасный;https://auto.ru/cars/used/sale/audi/a1/1121001875-0ba83c83/;1170000;2010
Audi A6 III (C6) Рестайлинг2.0 л / 170 л.с. / Бензинвариаторседанпереднийчёрный;https://auto.ru/cars/used/sale/audi/a6/1120997884-8fdd85de/;1070000;2010
Audi A4 IV (B8)3.0 л / 239 л.с. / Дизельмеханикаседанполныйбелый;https://auto.ru/cars/used/sale/audi/a4/1121000749-cd4e1a9e/;670000;2010
Audi A1 I (8X)1.6 л / 90 л.с. / Дизельроботхэтчбек 3 дв.переднийкрасный;https://auto.ru/cars/used/sale/audi/a1/1120880895-2aa33b08/;1180000;2010
Audi Q7 8-speed I (4L) Рестайлинг4.1 л / 340 л.с. / Дизельавтоматвнедорожник 5 дв.полныйчёрный;https://auto.ru/cars/used/sale/audi/q7/1120998240-4869644f/;1980000;2009
Audi Q5 8tiptronic I (8R)2.0 л / 211 л.с. / Бензинавтоматвнедорожник 5 дв.полныйчёрный;https://auto.ru/cars/used/sale/audi/q5/1120997229-a77d4612/;1950000;2009
Audi Q7 I (4L) Рестайлинг4.2 л / 355 л.с. / Бензинавтоматвнедорожник 5 дв.полныйбелый;https://auto.ru/cars/used/sale/audi/q7/1119388647-2518d1d2/;2400000;2009
Audi A6 III (C6) Рестайлинг2.8 л / 190 л.с. / Бензинмеханикаседанполныйчёрный;https://auto.ru/cars/used/sale/audi/a6/1120998947-d9f7ab05/;1380000;2009
Audi Q5 I (8R)2.0 л / 180 л.с. / Бензинавтоматвнедорожник 5 дв.полныйбелый;https://auto.ru/cars/used/sale/audi/q5/1120939776-b43bfe79/;1670000;2009
Audi A5 I (8T)2.0 л / 180 л.с. / Бензинвариаторлифтбекпереднийчёрный;https://auto.ru/cars/used/sale/audi/a5/1120942083-16084e6f/;940000;2009
Audi A3 II (8P) Рестайлинг 22.0 л / 170 л.с. / Дизельмеханикахэтчбек 3 дв.полныйбелый;https://auto.ru/cars/used/sale/audi/a3/1121003636-18acd9ef/;850000;2008
Audi Q7 I (4L)3.6 л / 280 л.с. / Бензинавтоматвнедорожник 5 дв.полныйбелый;https://auto.ru/cars/used/sale/audi/q7/1121002755-8b99c52c/;1590000;2008
Audi Q7 I (4L)3.0 л / 233 л.с. / Дизельавтоматвнедорожник 5 дв.полныйсиний;https://auto.ru/cars/used/sale/audi/q7/1121002342-518e5ed3/;1030000;2007
Audi Q7 I (4L)4.1 л / 326 л.с. / Дизельавтоматвнедорожник 5 дв.полныйчёрный;https://auto.ru/cars/used/sale/audi/q7/1121001406-dcc061cc/;1550000;2007
Audi A6 III (C6)3.1 л / 249 л.с. / Бензинмеханикаседанполныйчёрный;https://auto.ru/cars/used/sale/audi/a6/1120997156-d9bdd471/;910000;2007
Audi Q7 I (4L)3.0 л / 233 л.с. / Дизельавтоматвнедорожник 5 дв.полныйбелый;https://auto.ru/cars/used/sale/audi/q7/1120946805-e451f38e/;1590000;2007
Audi A6 III (C6)3.0 л / 233 л.с. / Дизельмеханикаседанполныйсерый;https://auto.ru/cars/used/sale/audi/a6/1120892408-20d799a9/;940000;2007
Audi A4 III (B7)1.9 л / 115 л.с. / Дизельвариаторседанпереднийчёрный;https://auto.ru/cars/used/sale/audi/a4/1120871794-98c99503/;760000;2005
Audi A4 III (B7)2.0 л / 200 л.с. / Бензинмеханикаседанполныйчёрный;https://auto.ru/cars/used/sale/audi/a4/1120865712-621d8938/;560000;2005
Audi A6 II (C5) Рестайлинг2.4 л / 170 л.с. / Бензинавтоматуниверсал 5 дв.полныйчёрный;https://auto.ru/cars/used/sale/audi/a6/1121001060-495e8895/;730000;2002
Audi A4 I (B5) Рестайлинг2.4 л / 165 л.с. / Бензинавтоматуниверсал 5 дв.полныйсеребристый;https://auto.ru/cars/used/sale/audi/a4/1121000737-9ae00066/;350000;2001
Audi A6 II (C5)2.5 л / 180 л.с. / Дизельавтоматуниверсал 5 дв.полныйчёрный;https://auto.ru/cars/used/sale/audi/a6/1120362868-8eaea13f/;680000;2000
Audi A6 II (C5)2.5 л / 180 л.с. / Дизельавтоматуниверсал 5 дв.переднийчёрный;https://auto.ru/cars/used/sale/audi/a6/1120711192-527b541f/;600000;1999
Audi A4 I (B5) Рестайлинг1.9 л / 90 л.с. / Дизельавтоматуниверсал 5 дв.переднийбелый;https://auto.ru/cars/used/sale/audi/a4/1120338963-dbe5e385/;400000;1999
Audi A6 II (C5)1.8 л / 150 л.с. / Бензинмеханикаседанпереднийсиний;https://auto.ru/cars/used/sale/audi/a6/1121001530-0514bc36/;360000;1999
Audi A6 II (C5)2.7 л / 250 л.с. / Бензинмеханикаседанпереднийсиний;https://auto.ru/cars/used/sale/audi/a6/1120998624-64ebc524/;870000;1999
Audi A6 II (C5)1.8 л / 150 л.с. / Бензинвариаторседанпереднийчёрный;https://auto.ru/cars/used/sale/audi/a6/1121001140-35e659e0/;260000;1998
Audi A6 II (C5)1.9 л / 115 л.с. / Дизельмеханикауниверсал 5 дв.переднийсиний;https://auto.ru/cars/used/sale/audi/a6/1120596006-814fdc16/;500000;1998
Audi A8 I (D2)3.7 л / 230 л.с. / Бензинавтоматседанпереднийсиний;https://auto.ru/cars/used/sale/audi/a8/1121003614-9bb601cd/;400000;1996
Audi A6 I (C4)2.0 л / 140 л.с. / Бензинмеханикаседанпереднийсеребристый;https://auto.ru/cars/used/sale/audi/a6/1120999051-1831f1c6/;620000;1996
Audi A6 I (C4)2.0 л / 101 л.с. / Бензинмеханикаседанпереднийсерый;https://auto.ru/cars/used/sale/audi/a6/1120998125-d00c32fc/;170000;1995
Audi 100 IV (C4)2.0 л / 137 л.с. / Бензинавтоматседанпереднийсиний;https://auto.ru/cars/used/sale/audi/100/1120574043-afd094c2/;240000;1991
Audi 100 IV (C4)2.6 л / 150 л.с. / Бензинмеханикаседанпереднийкрасный;https://auto.ru/cars/used/sale/audi/100/1121001724-cc2210a4/;380000;1991
